id,Name,Date,Time,Followers,Followings,Comments,Timespend(hrs),Likes,share
1,angel,01-01-2022,23:55,2,23,20,1,20,3
2,anya,02-01-2023,00:55,456,33,12,2,23,45
3,effie,03-01-2022,01:55,45,24,1,5,34,33
4,aurelia ,07-05-2023,02:55,34,5,223,2,34,3
5,bexley,01-01-2023,03:55,56,566,444,1,3,4
6,kushal,01-02-2023,04:55,78,998,554,1,34,
7,vishal,01-01-2023,05:55,56,66,7,2,34,0
8,rohit,02-02-2022,06:55,72,555,11,1,34,9
9,love,01-01-2023,07:55,6,224,54,2,44,6
10,loveleen,10-05-2023,08:55,276,45,556,2,65,5
11,simran,11-03-2023,09:55,26,,4,4,45,
12,rajan,12-02-2022,10:55,62,567,43,4,45,3
13,harf,13-07-2023,11:55,6,334,333,5,756,5
14,dutt,14-07-2023,12:55,34,74,9,3,56,7
15,tanu,15-07-2023,13:55,33,45,543,5,4,8
16,tanjana,16-09-2022,14:55,433,543,6,5,34,8
17,akash,17-07-2023,15:55,32,234,45,3,56,9
18,vishakha,18-03-2022,16:55,56,465,1,1,67,
19,ava,19-07-2023,17:55,36,232,433,2,56,3
20,mia,25-07-2023,18:55,25,46,45,1,67,5
21,harpar,21-08-2023,19:55,34,676,33,1,66,0
22,madison,22-07-2023,20:55,234,23,455,1,,0
23,victoria,19-07-2023,21:55,243,873,10,2,3,6
11,simran,24-07-2023,22:55,24,34,6,3,45,7
14,dutt,25-07-2023,23:55,23,23,8,2,54,43
26,akash,25-07-2022,00:55,224,344,9,3,45,1
13,harf,25-07-2023,01:55,23,566,9,2,54,2
9,love,28-07-2023,02:55,453,44,51,4,45,0
8,rohit,25-07-2022,23:55,345,22,21,3,54,8
5,bexley,02-09-2023,00:55,566,223,12,1,45,2
2,anya,03-05-2023,01:55,567,776,12,1,43,3
18,vishakha,25-07-2022,02:55,567,456,90,2,77,34
23,victoria,19-07-2023,03:55,546,765,11,3,34,0
13,harf,18-03-2023,04:55,784,678,2,4,3,66
22,madison,11-02-2023,05:55,234,89,9,4,454,7
19,ava,21-08-2023,06:55,567,554,7,3,456,5
23,victoria,15-07-2022,07:55,546,655,43,4,33,4
22,madison,14-07-2023,08:55,32,644,47,3,3,5
18,vishakha,16-07-2023,09:55,55,453,56,2,23,6
15,tanu,22-07-2022,10:55,345,34,89,4,78,3
